Country Name,Brunei Darussalam,Indonesia,Cambodia,Lao PDR,Myanmar,Malaysia,Philippines,Singapore,Thailand,Vietnam
2015,37.68319271,20.77746098,66.14564324,51.8460644,24.48330715,61.92138155,31.93353487,151.0867904,57.20297188,
2016,37.74136081,18.33234795,65.66850405,41.88246346,30.93987653,60.12356457,35.10306242,138.559211,53.50434332,
2017,35.60350735,19.17819264,64.10581574,,35.07875202,63.14343086,38.61607889,144.9887396,54.21859497,
2018,41.96404349,22.07156246,63.30288532,,34.08919366,61.84765408,41.94979293,147.7282672,56.00376783,
2019,50.56361782,19.03624974,62.46522725,,30.2992385,57.734779,40.45892225,146.5332956,50.16101017,
2020,52.93489227,15.70417423,62.4611925,,26.45208221,54.99138274,32.96672099,150.011125,46.25197554,
2021,66.9542018,18.86195672,67.61144273,,24.83477013,61.82973159,37.75928705,153.4742634,58.46064723,
